Job Title,Company,College,Location
Attended University of Santo Tomas,No results,University of Santo Tomas,"Hong Kong, Hong Kong SAR"
Regional Marketing Manager,No results,Merck Life Science,Philippines
Hospitality & Travel Industry Professional | Fitness Industry Professional,No results,University of Santo Tomas,Hong Kong SAR
--,No results,University of Santo Tomas,Canada
Assistant Professor at University of Santo Tomas,University of Santo Tomas,De La Salle University,Greater Sydney Area
Radiation Oncologist and Brachytherapy Specialist at University of Santo Tomas Hospital - Benavides Cancer Institute,University of Santo Tomas Faculty of Medicine and Surgery,University of Santo Tomas,"Metro Manila, National Capital Region, Philippines"
Retired,No results,University of Santo Tomas,"Calgary, Alberta, Canada"
Graduated from University of Santo Tomas,No results,University of Santo Tomas,Greater Chicago Area
Patient Services/Medical Office/Clinical Suppprt,No results,University of Santo Tomas,Greater Chicago Area
"Wisdom comes not from what you read in the books, rather from your experience and how you use it to live life to its fullest!",Self-Employed,University of Santo Tomas,"San Antonio, Texas Metropolitan Area"
--,No results,University of Santo Tomas,Canada
English Language Faculty at the University of Santo Tomas,University of Santo Tomas,University of the Philippines Diliman,"Metro Manila, National Capital Region, Philippines"
Accounting Manager at Marsh McLennan,Marsh McLennan,University of Santo Tomas,Greater Melbourne Area
Student at University of Santo Tomas,No results,University of Santo Tomas,"Hampton Roads, Virginia Metropolitan Area"
Physical Therapy Student at University of Santo Tomas,No results,University of Santo Tomas,United States
Graphic Designer | Video Editor | Virtual Assistant,No results,University of Santo Tomas,"Taguig, National Capital Region, Philippines"
Contract Specialist - Accounts Payable at Cytokinetics,No results,University of Santo Tomas,"South San Francisco, California, United States"
"Self-taught Developer, Architecture Student @ University of Santo Tomas  - Aspiring people to build and create stuffs",No results,University of Santo Tomas,"Quezon City, National Capital Region, Philippines"
Graduate Student at University of Santo Tomas,University of Santo Tomas,University of Santo Tomas,Greater Seattle Area
"A 3rd year student of the University of Santo Tomas currently taking up Bachelor of Science in Hospitality Management, Major in Hospitality Leadership.",University of Santo Tomas,University of Santo Tomas,"Nueva Ecija, Central Luzon, Philippines"
--,No results,University of Santo Tomas,Singapore
Fresh Graduate,No results,University of Santo Tomas,"Cainta, Calabarzon, Philippines"
Math Professor at University of Santo Tomas,University of Santo Tomas,De La Salle University,"Metro Manila, National Capital Region, Philippines"
Volunteering,No results,"University of Santo Tomas, Manila Philippines",Greater Perth Area
Production Planning & Sales,No results,University of Santo Tomas,Greater Brisbane Area
Attended University of Santo Tomas,No results,University of Santo Tomas,Canada
Student at University of Santo Tomas,No results,University of Santo Tomas,"Calabarzon, Philippines"
Architect / CADD+BIM Instructor / Museum Exhibition Designer,"University of Santo Tomas, College of Architecture",University of Santo Tomas,"Pittsburg, California, United States"
--,No results,University of Santo Tomas,Greater Melbourne Area
Project Director; Research Assistant; and Political Science Graduate at University of Santo Tomas,No results,University of Santo Tomas,Metro Manila
"AMC CONSULTING ENGINEERS, INC","AMC Consulting Engineers, Inc.",University of Santo Tomas,"San Francisco, California, United States"
--,No results,University of Santo Tomas,Canada
Design Consultant,No results,University of Santo Tomas,"Toronto, Ontario, Canada"
Senior Admin Coordinator - SS/L - retired,No results,"University of Santo Tomas - Manila, Philippines","San Jose, California, United States"
Insurance Professional,No results,University of Santo Tomas,"Los Angeles, California, United States"
Executive Assistant and Faculty Member at University of Santo Tomas,No results,"University of Santo Tomas, Manila","Central Luzon, Philippines"
Digital Project Manager,No results,University of Santo Tomas,"Bristol, England, United Kingdom"
Senior Product Engineer at Plexus,No results,University of Santo Tomas,"Winnipeg, Manitoba, Canada"
Pharmacy Director at NYCCC,No results,University of Florida,New York City Metropolitan Area
"SMDC ""Good guys""",No results,University of Santo Tomas,Singapore
worked as Senior Officer in Statistics Division of the ASEAN Secretariat,No results,University of Santo Tomas,"Beaverton, Oregon, United States"
3D Character Animator,No results,University of Santo Tomas,Philippines
Logistics Coordinator at Crown Pacific Group FZE,No results,University of Santo Tomas,United States
MD at Pediatric Associates of Malden,No results,"University of Santo Tomas, school of Medicine","Newton Centre, Massachusetts, United States"
Independent Architecture & Planning Professional,No results,University of Santo Tomas,Singapore
PhD in Mechanical Engineering student at National University of Singapore,University of Santo Tomas,Curtin University,"Metro Manila, National Capital Region, Philippines"
College Instructor at the University of Santo Tomas Faculty of Pharmacy,University of Santo Tomas,University of Santo Tomas,"Calabarzon, Philippines"
Student at University of Santo Tomas,No results,University of Santo Tomas,"Quezon City, National Capital Region, Philippines"
Property Specialist at Megaworld Corporation,Megaworld Corporation,University of Santo Tomas,"Metro Manila, National Capital Region, Philippines"
Medical Student at The Royal and Pontifical University of Santo Tomas,No results,University of Santo Tomas,"Wayne, New Jersey, United States"
Student at University of Santo Tomas,No results,University of Santo Tomas,"Quezon City, National Capital Region, Philippines"
.Net Developer,No results,University of Santo Tomas,"Burnaby, British Columbia, Canada"
--,University of Santo Tomas,University of Santo Tomas,"Calabarzon, Philippines"
Graduate of Bachelor of Science in Nutrition and Dietetics from the University of Santo Tomas,No results,University of Santo Tomas,"Lipa, Calabarzon, Philippines"
Finance Analyst at San Miguel Foods,No results,University of Santo Tomas,"Mandaluyong, National Capital Region, Philippines"
Writer and researcher,No results,University of Santo Tomas,"Makati, National Capital Region, Philippines"
"Researcher, National Defense College of the Philippines | Lecturer, University of Santo Tomas",University of Santo Tomas,University of the Philippines,"Metro Manila, National Capital Region, Philippines"
BS Industrial Engineering Graduate at University of Santo Tomas,No results,University of Santo Tomas,"Cainta, Calabarzon, Philippines"
Student at University of Santo Tomas,No results,University of Santo Tomas,"Caloocan City, National Capital Region, Philippines"
Earnings Analyst,No results,University of Makati,Philippines
Fresh Graduate of BA Asian Studies from University of Santo Tomas,No results,University of Santo Tomas,"Metro Manila, National Capital Region, Philippines"
Faculty Secretary at University of Santo Tomas - Graduate School of Law,University of Santo Tomas -Graduate School of Law,La Consolacion University Philippines,"Central Luzon, Philippines"
Academic Staff at University of Santo Tomas,No results,University of Santo Tomas,"Calabarzon, Philippines"
Secretary and CFO - Northern Australian Conference,No results,No results,Australia
Senior High School Instructor at University of Santo Tomas,University of Santo Tomas,University of Santo Tomas,"Valenzuela, National Capital Region, Philippines"
BS Physical Therapy Student at University of Santo Tomas | Public Relations Officer at UST College of Rehabilitation Sciences Student Council,UST College of Rehabilitation Sciences Student Council,University of Santo Tomas,Metro Manila
Psychology Graduate at the University of Santo Tomas,University of Santo Tomas,University of Santo Tomas,Metro Manila
Graduated from University of Santo Tomas,No results,University of Santo Tomas,"Antipolo, Calabarzon, Philippines"
Academic Researcher at University of Santo Tomas,University of Santo Tomas,Asian Institute of Management,Metro Manila
"Instructor at University of Santo Tomas, Manila","University of Santo Tomas, Manila",University of the Philippines,"Metro Manila, National Capital Region, Philippines"
#NAME?,No results,International Program of Art Therapy in Thailand,Philippines
Student at University of Santo Tomas,No results,University of Santo Tomas,"Manila, National Capital Region, Philippines"
Student at University of Santo Tomas,No results,No results,"Cavite, Calabarzon, Philippines"
I make content look good.,No results,University of Santo Tomas,"Metro Manila, National Capital Region, Philippines"
University of Santo Tomas,No results,University of Santo Tomas,"Metro Manila, National Capital Region, Philippines"
Human Resource Management Graduate,No results,University of Santo Tomas,"Quezon City, National Capital Region, Philippines"
Crypto & Tech Enthusiast,No results,University of Santo Tomas,Metro Manila
Medical Student at the University of Santo Tomas,No results,University of Santo Tomas,"Quezon City, National Capital Region, Philippines"
BA in Asian Studies Graduate - University of Santo Tomas,No results,University of Santo Tomas,"Makati, National Capital Region, Philippines"
UST Graduate | BS Tourism Management major in Travel Operations and Service Management,No results,University of Santo Tomas,"Pampanga, Central Luzon, Philippines"
Strength and Conditioning Coach,No results,University of Santo Tomas,"Quezon City, National Capital Region, Philippines"
Registered Mechanical Engineer,No results,University of Santo Tomas,"Quezon City, National Capital Region, Philippines"
Graduate from the University of Santo Tomas,No results,University of Santo Tomas,"National Capital Region, Philippines"
Graduated as Magna Cum Laude (Top 1) from UST Industrial Engineering Department,No results,University of Santo Tomas,"Pasig, National Capital Region, Philippines"
UX Research and Design,No results,University of Santo Tomas,"Quezon City, National Capital Region, Philippines"
4th Year BS ChE Student at University of Santo Tomas,"ARKRAY,Inc.",University of Santo Tomas,"Batangas, Calabarzon, Philippines"
Marketing Officer | University of Santo Tomas | San Lorenzo Ruiz Scholar,Housal - Connecting Dots In Real Estate,University of Santo Tomas,"Manila, National Capital Region, Philippines"
Food & Beverages Professional,No results,University of Santo Tomas,"Metro Manila, National Capital Region, Philippines"
Graduate of BA in Asian Studies at the University of Santo Tomas,No results,University of Santo Tomas,"Quezon City, National Capital Region, Philippines"